1,ergonomic
1,compact
5,excellent
1,average
1,low-light
12,good
12,good
5,excellent
1,expensive
1,internal
1,much
12,good
1,light
12,good
1,stylish
3,light
3,super
1,curved
4,awesome
2,smooth
5,excellent
1,few
1,major
2,good
1,many
1,beautiful
12,great
12,good
1,quality
1,worth
1,stuck
2,perfect
2,perfect
12,great
12,great
1,promotional
5,excellent
1,top
3,super
1,different
12,good
1,awesome
12,good
1,new
1,genuine
1,feels
12,great
1,coming
1,slim
1,primium
12,great
12,great
1,built
4,android
1,descent
12,good
4,amazing
1,handy
1,stylish
12,good
1,u
1,pro
1,exceptional
12,good
1,wrong
1,iphon
4,android
1,worthy
3,light
1,dose
1,durable
12,great
1,low
3,light
12,great
12,great
12,great
1,happy
1,costly
12,great
2,amazing
2,amazing
4,amazing
1,crystal
1,clear
1,sharp
1,downright
5,excellent
1,neat
1,user
2,excellent
3,super
1,fantastic
4,android
4,amazing
2,google
1,ultimate
4,android
1,snappy
2,google
4,amazing
1,powerful
4,awesome
2,special
2,premium
1,happy
1,loyal
1,nexus
1,huge
1,pure
12,great
12,good
2,good
12,good
1,smart
2,special
4,awesome
2,smooth
1,call
2,excellent
1,gorgeous
4,awesome
1,back
2,premium
1,sheer
